{
  "id": "3405128",
  "name": "小米首屏",
  "font_family": "iconfont",
  "css_prefix_text": "icon-",
  "description": "",
  "glyphs": [
    {
      "icon_id": "1306",
      "name": "购物车空",
      "font_class": "gouwuchekong",
      "unicode": "e600",
      "unicode_decimal": 58880
    },
    {
      "icon_id": "463375",
      "name": "fangdajing",
      "font_class": "fangdajing",
      "unicode": "e609",
      "unicode_decimal": 58889
    },
    {
      "icon_id": "1727540",
      "name": "309下一页、前进、查看更多-圆框",
      "font_class": "xiayiyeqianjinchakangengduo-yuankuang",
      "unicode": "e8f0",
      "unicode_decimal": 59632
    },
    {
      "icon_id": "5037719",
      "name": "右箭头",
      "font_class": "youjiantou",
      "unicode": "e629",
      "unicode_decimal": 58921
    }
  ]
}
